Date,City,Country,Organisation,Referrer,Presentation
Mon Jan 26 22:42:17 -0600 2015,Singapore,Singapore,Starhub Mobile Ltd,direct,SQL and NoSQL Better Together in Alasql
Mon Jan 26 13:04:08 -0600 2015,Olathe,United States,AT&T U-verse,direct,Alasql JavaScript SQL Database Library: User Manual
Mon Jan 26 11:15:11 -0600 2015,Serpukhov,Russian Federation,UG-TELEKOM Ltd,www.slideshare.net,Alasql.js - SQL сервер на JavaScript
Mon Jan 26 09:15:59 -0600 2015,New York,United States,Atlantic Metro Communications,www.google.com,Alasql fast JavaScript in-memory SQL database
Mon Jan 26 09:08:37 -0600 2015,N/A,United States,Netseer,direct,Alasql JavaScript SQL Database Library: User Manual
Mon Jan 26 09:06:39 -0600 2015,New York,United States,Atlantic Metro Communications,www.slideshare.net,SQL and NoSQL Better Together in Alasql
Mon Jan 26 09:03:30 -0600 2015,New York,United States,Atlantic Metro Communications,direct,Alasql JavaScript SQL Database Library: User Manual
Mon Jan 26 08:16:21 -0600 2015,N/A,N/A,N/A,www.slideshare.net,Alasql JavaScript SQL Database Library: User Manual
Mon Jan 26 08:16:20 -0600 2015,N/A,N/A,N/A,direct,Alasql JavaScript SQL Database Library: User Manual
Mon Jan 26 06:51:15 -0600 2015,N/A,Germany,PlusServer AG,direct,Alasql JavaScript SQL Database Library: User Manual
Mon Jan 26 06:50:14 -0600 2015,N/A,Netherlands,Previder B.V.,www.google.nl,Alasql JavaScript SQL Database Library: User Manual
Mon Jan 26 05:18:02 -0600 2015,Funchal,Portugal,PT Comunicacoes,www.google.pt,Alasql JavaScript SQL Database Library: User Manual
Mon Jan 26 03:34:53 -0600 2015,N/A,Portugal,Vodafone Portugal,www.slideshare.net,Alasql fast JavaScript in-memory SQL database
Mon Jan 26 03:34:08 -0600 2015,Mountain View,United States,Google,direct,SQL and NoSQL Better Together in Alasql
Mon Jan 26 03:34:08 -0600 2015,N/A,Portugal,Vodafone Portugal,www.google.pt,Alasql JavaScript SQL Database Library: User Manual
Mon Jan 26 03:34:05 -0600 2015,N/A,Portugal,Vodafone Portugal,www.google.pt,SQL and NoSQL Better Together in Alasql
Mon Jan 26 02:55:19 -0600 2015,N/A,Germany,BSB-SERVICE Dedicated Server Hosting,direct,Alasql fast JavaScript in-memory SQL database
Mon Jan 26 02:54:56 -0600 2015,N/A,Netherlands,Previder B.V.,www.google.nl,Alasql fast JavaScript in-memory SQL database
Mon Jan 26 01:16:12 -0600 2015,N/A,Japan,Trend Micro Incorporated,direct,SQL and NoSQL Better Together in Alasql
Mon Jan 26 01:15:47 -0600 2015,Herzliya,Israel,Bezeq International,direct,Alasql fast JavaScript in-memory SQL database
Mon Jan 26 01:14:32 -0600 2015,Herzliya,Israel,Bezeq International,direct,SQL and NoSQL Better Together in Alasql
Sun Jan 25 22:55:15 -0600 2015,San Francisco,United States,Twitter,direct,Alasql JavaScript SQL Database Library: User Manual
Sun Jan 25 22:28:23 -0600 2015,N/A,Russian Federation,Dataline Ltd,direct,Alasql.js - SQL сервер на JavaScript
Sun Jan 25 21:54:27 -0600 2015,Columbia,United States,Time Warner Cable,www.google.com,Alasql JavaScript SQL Database Library: User Manual
Sun Jan 25 09:35:08 -0600 2015,N/A,Japan,Trend Micro Incorporated,direct,Alasql JavaScript SQL Database Library: User Manual
Sun Jan 25 09:34:11 -0600 2015,Herzliya,Israel,Bezeq International,direct,Alasql JavaScript SQL Database Library: User Manual
Sun Jan 25 07:12:59 -0600 2015,Olathe,United States,AT&T U-verse,direct,Alasql JavaScript SQL Database Library: User Manual
Sun Jan 25 03:40:36 -0600 2015,Quezon City,Philippines,Globe Telecoms,direct,Alasql JavaScript SQL Database Library: User Manual
Sat Jan 24 23:23:10 -0600 2015,Mississauga,Canada,Rogers Cable,www.google.ca,Alasql JavaScript SQL Database Library: User Manual
Sat Jan 24 22:03:30 -0600 2015,Mountain View,United States,Google,direct,SQL and NoSQL Better Together in Alasql
Sat Jan 24 22:03:24 -0600 2015,Acworth,United States,AT&T U-verse,www.google.com,SQL and NoSQL Better Together in Alasql
Sat Jan 24 21:17:51 -0600 2015,Montijo,Portugal,Vodafone Portugal,www.google.pt,Alasql JavaScript SQL Database Library: User Manual
Sat Jan 24 20:19:17 -0600 2015,Jakarta,Indonesia,PT INTERNUX,www.google.com,Alasql fast JavaScript in-memory SQL database
Sat Jan 24 15:05:23 -0600 2015,Montijo,Portugal,Vodafone Portugal,www.google.pt,Alasql fast JavaScript in-memory SQL database
Sat Jan 24 14:49:02 -0600 2015,Broomfield,United States,Comcast Cable,www.google.com,Alasql JavaScript SQL Database Library: User Manual
Sat Jan 24 14:15:09 -0600 2015,Milan,Italy,WIND Telecomunicazioni S.p.A,www.google.it,Alasql JavaScript SQL Database Library: User Manual
Sat Jan 24 13:37:15 -0600 2015,Baltimore,United States,Comcast Cable,direct,Alasql fast JavaScript in-memory SQL database
Sat Jan 24 12:23:25 -0600 2015,Milan,Italy,WIND Telecomunicazioni S.p.A,www.google.it,Alasql fast JavaScript in-memory SQL database
Sat Jan 24 08:34:29 -0600 2015,Acworth,United States,AT&T U-verse,direct,Alasql fast JavaScript in-memory SQL database
Sat Jan 24 08:28:01 -0600 2015,Moscow,Russian Federation,Iskratelecom / Iskra-net,www.google.ru,Alasql.js - SQL сервер на JavaScript
Fri Jan 23 16:57:28 -0600 2015,Zurich,Switzerland,Cablecom GmbH,direct,Alasql JavaScript SQL Database Library: User Manual
Fri Jan 23 16:36:27 -0600 2015,Portage,United States,AT&T Data Communications Services,www.google.com,Alasql JavaScript SQL Database Library: User Manual
Fri Jan 23 16:08:47 -0600 2015,Acworth,United States,AT&T U-verse,www.google.com,Alasql JavaScript SQL Database Library: User Manual
Fri Jan 23 08:55:34 -0600 2015,Millington,United States,Logix Communications,www.google.com,Alasql JavaScript SQL Database Library: User Manual
Fri Jan 23 07:32:56 -0600 2015,N/A,Russian Federation,Dataline Ltd,direct,Alasql.js - SQL сервер на JavaScript
Fri Jan 23 07:32:56 -0600 2015,Saint Petersburg,Russian Federation,Z-Telecom network,www.google.ru,Alasql.js - SQL сервер на JavaScript
Fri Jan 23 07:22:02 -0600 2015,N/A,Ethiopia,Ethiopian Telecommunication Corporation,www.google.com.et,Alasql JavaScript SQL Database Library: User Manual
Fri Jan 23 04:45:13 -0600 2015,Köln,Germany,Unitymedia NRW GmbH,www.slideshare.net,Alasql fast JavaScript in-memory SQL database
Fri Jan 23 04:45:10 -0600 2015,Köln,Germany,Unitymedia NRW GmbH,www.google.de,Alasql fast JavaScript in-memory SQL database
Fri Jan 23 03:48:58 -0600 2015,Mountain View,United States,Google,direct,SQL and NoSQL Better Together in Alasql
Fri Jan 23 03:48:40 -0600 2015,N/A,N/A,N/A,www.slideshare.net,SQL and NoSQL Better Together in Alasql
Fri Jan 23 03:24:53 -0600 2015,N/A,N/A,N/A,direct,Alasql JavaScript SQL Database Library: User Manual
Fri Jan 23 03:05:00 -0600 2015,Lisbon,Portugal,COLT Technology Services Group Limited,direct,Alasql JavaScript SQL Database Library: User Manual
Thu Jan 22 20:03:52 -0600 2015,Zhukovskiy,Russian Federation,CJSC Scientific-Production Association Progressive,www.google.ru,SQL and NoSQL Better Together in Alasql
Thu Jan 22 17:07:02 -0600 2015,Dallas,United States,Emediate ApS,direct,Alasql JavaScript SQL Database Library: User Manual
Thu Jan 22 16:27:23 -0600 2015,Hamilton,Canada,Hamilton Public Library,direct,Alasql JavaScript SQL Database Library: User Manual
Thu Jan 22 16:25:17 -0600 2015,Neulengbach,Austria,Tele2 Telecommunication Services GmbH,www.slideshare.net,Alasql JavaScript SQL Database Library: User Manual
Thu Jan 22 16:25:15 -0600 2015,Neulengbach,Austria,Tele2 Telecommunication Services GmbH,direct,Alasql JavaScript SQL Database Library: User Manual
Thu Jan 22 16:19:11 -0600 2015,Montijo,Portugal,Vodafone Portugal,direct,Alasql JavaScript SQL Database Library: User Manual
Thu Jan 22 12:58:08 -0600 2015,N/A,N/A,N/A,direct,Alasql fast JavaScript in-memory SQL database
Thu Jan 22 12:47:32 -0600 2015,Mountain View,United States,Google,direct,Alasql fast JavaScript in-memory SQL database
Thu Jan 22 12:47:26 -0600 2015,Atlanta,United States,U.S. Center For Disease Control and Prevention,www.slideshare.net,Alasql fast JavaScript in-memory SQL database
Thu Jan 22 12:46:46 -0600 2015,Mountain View,United States,Google,direct,SQL and NoSQL Better Together in Alasql
Thu Jan 22 12:46:33 -0600 2015,Atlanta,United States,U.S. Center For Disease Control and Prevention,www.slideshare.net,SQL and NoSQL Better Together in Alasql
Thu Jan 22 12:21:33 -0600 2015,Atlanta,United States,U.S. Center For Disease Control and Prevention,www.bing.com,Alasql JavaScript SQL Database Library: User Manual
Thu Jan 22 09:44:11 -0600 2015,Mar Del Plata,Argentina,Cablevision,direct,Alasql JavaScript SQL Database Library: User Manual
Thu Jan 22 09:02:27 -0600 2015,Moscow,Russian Federation,WestCall Ltd.,N/A,Alasql JavaScript SQL Database Library: User Manual
Thu Jan 22 09:01:56 -0600 2015,Moscow,Russian Federation,WestCall Ltd.,www.google.ru,Alasql.js - SQL сервер на JavaScript
Thu Jan 22 06:53:49 -0600 2015,Zurich,Switzerland,Cablecom GmbH,www.google.ch,Alasql JavaScript SQL Database Library: User Manual
Thu Jan 22 06:50:54 -0600 2015,Mountain View,United States,Google,direct,Alasql fast JavaScript in-memory SQL database
Thu Jan 22 06:50:45 -0600 2015,Moscow,Russian Federation,"Autonomous System of BIG Telecom, JSC",www.slideshare.net,Alasql fast JavaScript in-memory SQL database
Thu Jan 22 06:49:32 -0600 2015,Moscow,Russian Federation,"Autonomous System of BIG Telecom, JSC",direct,Alasql.js - SQL сервер на JavaScript
Thu Jan 22 06:43:36 -0600 2015,Vienna,Austria,Generali IT-Solutions GmbH,direct,Alasql JavaScript SQL Database Library: User Manual
Thu Jan 22 06:39:07 -0600 2015,Zhukovskiy,Russian Federation,CJSC Scientific-Production Association Progressive,www.google.ru,Alasql JavaScript SQL Database Library: User Manual
Thu Jan 22 06:37:37 -0600 2015,Zhukovskiy,Russian Federation,CJSC Scientific-Production Association Progressive,www.google.ru,Alasql.js - SQL сервер на JavaScript
Thu Jan 22 06:30:31 -0600 2015,Zhukovskiy,Russian Federation,CJSC Scientific-Production Association Progressive,www.google.ru,Alasql fast JavaScript in-memory SQL database
Thu Jan 22 06:06:24 -0600 2015,Moscow,Russian Federation,National Research University Higher School of Econ,www.slideshare.net,SQL and NoSQL Better Together in Alasql
Thu Jan 22 06:02:45 -0600 2015,Moscow,Russian Federation,National Research University Higher School of Econ,www.slideshare.net,Alasql.js - SQL сервер на JavaScript
Thu Jan 22 04:15:28 -0600 2015,N/A,N/A,N/A,direct,Alasql JavaScript SQL Database Library: User Manual
Thu Jan 22 01:13:05 -0600 2015,Ahmedabad,India,Airtel Broadband,www.google.co.in,Alasql JavaScript SQL Database Library: User Manual
Wed Jan 21 17:59:43 -0600 2015,Natick,United States,Broadview Networks,direct,Alasql JavaScript SQL Database Library: User Manual
Wed Jan 21 14:28:37 -0600 2015,Büdingen,Germany,Deutsche Telekom AG,www.slideshare.net,Alasql JavaScript SQL Database Library: User Manual
Wed Jan 21 14:28:34 -0600 2015,Büdingen,Germany,Deutsche Telekom AG,www.google.de,Alasql JavaScript SQL Database Library: User Manual
Wed Jan 21 12:09:53 -0600 2015,Madrid,Spain,Telefonica de Espana,direct,Alasql JavaScript SQL Database Library: User Manual
Wed Jan 21 11:47:53 -0600 2015,N/A,N/A,N/A,direct,Alasql JavaScript SQL Database Library: User Manual
Wed Jan 21 10:33:58 -0600 2015,Moscow,Russian Federation,OOO Comiten,www.google.ru,Alasql.js - SQL сервер на JavaScript
Wed Jan 21 09:49:59 -0600 2015,N/A,N/A,N/A,www.google.ru,Alasql.js - SQL сервер на JavaScript
Wed Jan 21 08:34:23 -0600 2015,Sunnyvale,United States,Yahoo,direct,Alasql.js - SQL сервер на JavaScript
Wed Jan 21 08:24:19 -0600 2015,Ahmedabad,India,Airtel Broadband,www.google.co.in,SQL and NoSQL Better Together in Alasql
Wed Jan 21 08:11:28 -0600 2015,Ahmedabad,India,Airtel Broadband,www.google.co.in,Alasql JavaScript SQL Database Library: User Manual
Wed Jan 21 07:17:19 -0600 2015,N/A,Europe,TeliaSonera AB,direct,Alasql JavaScript SQL Database Library: User Manual
Wed Jan 21 07:08:10 -0600 2015,N/A,Germany,PlusServer AG,direct,Alasql JavaScript SQL Database Library: User Manual
Wed Jan 21 05:25:27 -0600 2015,Barcelona,Spain,COLT Technology Services Group Limited,direct,Alasql JavaScript SQL Database Library: User Manual
Wed Jan 21 05:06:56 -0600 2015,Moscow,Russian Federation,JSC Comcor,direct,Alasql JavaScript SQL Database Library: User Manual
Wed Jan 21 04:02:40 -0600 2015,Ashburn,United States,Amazon.com,direct,Alasql JavaScript SQL Database Library: User Manual
Wed Jan 21 04:02:06 -0600 2015,Moscow,Russian Federation,AMT GROUP TELECOM Limited Liability Company,www.slideshare.net,Alasql fast JavaScript in-memory SQL database
Wed Jan 21 04:01:46 -0600 2015,Moscow,Russian Federation,AMT GROUP TELECOM Limited Liability Company,www.google.ru,Alasql.js - SQL сервер на JavaScript
Wed Jan 21 03:34:12 -0600 2015,Moscow,Russian Federation,Biz Telecom LLC,www.google.ru,Alasql.js - SQL сервер на JavaScript
Wed Jan 21 01:49:30 -0600 2015,N/A,N/A,N/A,direct,Alasql JavaScript SQL Database Library: User Manual
Wed Jan 21 01:42:59 -0600 2015,N/A,N/A,N/A,direct,Alasql JavaScript SQL Database Library: User Manual
Wed Jan 21 00:01:29 -0600 2015,N/A,Brazil,Desenvolve Solucoes de Internet Ltda,direct,Alasql JavaScript SQL Database Library: User Manual
Tue Jan 20 18:20:54 -0600 2015,Norfolk,United States,Navy Network Information Center (NNIC),direct,Alasql JavaScript SQL Database Library: User Manual
Tue Jan 20 12:19:28 -0600 2015,Rutherford,United States,Verizon FiOS,twitter.com,Alasql JavaScript SQL Database Library: User Manual
Tue Jan 20 08:06:35 -0600 2015,Moscow,Russian Federation,OOO FREEnet Group,www.google.ru,Alasql.js - SQL сервер на JavaScript
Tue Jan 20 05:41:55 -0600 2015,Bilbao,Spain,Telefonica de Espana,direct,Alasql JavaScript SQL Database Library: User Manual
Tue Jan 20 05:39:37 -0600 2015,Bilbao,Spain,Telefonica de Espana,www.google.es,Alasql fast JavaScript in-memory SQL database
Tue Jan 20 05:32:41 -0600 2015,Singapore,Singapore,StarHub-Ltd-NGNBN-Services,www.slideshare.net,Alasql JavaScript SQL Database Library: User Manual
Tue Jan 20 05:32:36 -0600 2015,Singapore,Singapore,StarHub-Ltd-NGNBN-Services,direct,Alasql JavaScript SQL Database Library: User Manual
Tue Jan 20 04:18:35 -0600 2015,Pune,India,Hathway IP Over Cable Internet,www.google.co.in,Alasql JavaScript SQL Database Library: User Manual
Tue Jan 20 04:01:37 -0600 2015,Mumbai,India,Net4India Ltd,direct,SQL and NoSQL Better Together in Alasql
Tue Jan 20 04:01:36 -0600 2015,Mumbai,India,Net4India Ltd,direct,Alasql fast JavaScript in-memory SQL database
Tue Jan 20 03:45:58 -0600 2015,Berlin,Germany,COLT Technology Services Group Limited,www.slideshare.net,Alasql JavaScript SQL Database Library: User Manual
Tue Jan 20 03:45:57 -0600 2015,Berlin,Germany,COLT Technology Services Group Limited,direct,Alasql JavaScript SQL Database Library: User Manual
Tue Jan 20 02:19:39 -0600 2015,Chennai,India,Bharti Airtel,www.google.co.in,Alasql JavaScript SQL Database Library: User Manual
Tue Jan 20 00:25:22 -0600 2015,Mumbai,India,Net4India Ltd,direct,Alasql JavaScript SQL Database Library: User Manual
Mon Jan 19 23:20:49 -0600 2015,Mumbai,India,Net4India Ltd,www.google.co.in,Alasql.js - SQL сервер на JavaScript
Mon Jan 19 23:20:42 -0600 2015,Mountain View,United States,Google,direct,SQL and NoSQL Better Together in Alasql
Mon Jan 19 23:20:38 -0600 2015,Mumbai,India,Net4India Ltd,www.google.co.in,SQL and NoSQL Better Together in Alasql
Mon Jan 19 23:19:14 -0600 2015,Mumbai,India,Net4India Ltd,direct,Alasql fast JavaScript in-memory SQL database
Mon Jan 19 18:23:52 -0600 2015,Cochin,India,TATA Communications,direct,SQL and NoSQL Better Together in Alasql
Mon Jan 19 15:46:39 -0600 2015,Lewisville,United States,Clear Wireless,www.linkedin.com,Alasql JavaScript SQL Database Library: User Manual
Mon Jan 19 14:47:27 -0600 2015,Grand Rapids,United States,Comcast Business Communications,www.google.com,Alasql fast JavaScript in-memory SQL database
Mon Jan 19 14:25:35 -0600 2015,Moscow,Russian Federation,Iskratelecom CJSC,www.google.ru,Alasql JavaScript SQL Database Library: User Manual
Mon Jan 19 11:53:31 -0600 2015,San Francisco,United States,Twitter,direct,Alasql JavaScript SQL Database Library: User Manual
Mon Jan 19 07:25:11 -0600 2015,Fremont,United States,Hurricane Electric,www.slideshare.net,Alasql JavaScript SQL Database Library: User Manual
Mon Jan 19 07:23:35 -0600 2015,Fremont,United States,Hurricane Electric,www.google.com,Alasql fast JavaScript in-memory SQL database
Mon Jan 19 07:23:24 -0600 2015,Kermanshah,"Iran, Islamic Republic of",Telecommunication Company of Kermanshah,www.google.com,Alasql fast JavaScript in-memory SQL database
Mon Jan 19 05:00:25 -0600 2015,Sunnyvale,United States,Yahoo,direct,SQL and NoSQL Better Together in Alasql
Mon Jan 19 04:57:28 -0600 2015,Mannheim,Germany,Deutsche Telekom AG,www.slideshare.net,SQL and NoSQL Better Together in Alasql
Mon Jan 19 04:57:26 -0600 2015,Mannheim,Germany,Deutsche Telekom AG,www.google.de,SQL and NoSQL Better Together in Alasql
Mon Jan 19 04:47:23 -0600 2015,Mumbai,India,Net4India Ltd,direct,Alasql JavaScript SQL Database Library: User Manual
Mon Jan 19 04:28:41 -0600 2015,Mannheim,Germany,Deutsche Telekom AG,direct,Alasql JavaScript SQL Database Library: User Manual
Mon Jan 19 04:27:35 -0600 2015,Cakovec,Croatia,NOVI-NET d.o.o.,direct,Alasql fast JavaScript in-memory SQL database
Mon Jan 19 03:00:28 -0600 2015,Nieuwerkerk Aan Den Ijssel,Netherlands,Signet B.V.,direct,Alasql JavaScript SQL Database Library: User Manual
Mon Jan 19 02:26:46 -0600 2015,Mannheim,Germany,Deutsche Telekom AG,www.slideshare.net,Alasql JavaScript SQL Database Library: User Manual
Mon Jan 19 02:26:44 -0600 2015,Mannheim,Germany,Deutsche Telekom AG,direct,Alasql JavaScript SQL Database Library: User Manual
Mon Jan 19 00:09:23 -0600 2015,Ahmedabad,India,BlazeNet,direct,Alasql JavaScript SQL Database Library: User Manual
Sun Jan 18 23:44:45 -0600 2015,N/A,Asia/Pacific Region,Hewlett-Packard Company,direct,Alasql JavaScript SQL Database Library: User Manual
Sun Jan 18 21:30:15 -0600 2015,Yongin,"Korea, Republic of",SK Broadband,direct,Alasql JavaScript SQL Database Library: User Manual
Sun Jan 18 17:29:38 -0600 2015,Thrissur,India,TATA Communications,direct,SQL and NoSQL Better Together in Alasql
Sun Jan 18 17:00:37 -0600 2015,Thrissur,India,TATA Communications,direct,SQL and NoSQL Better Together in Alasql
Sun Jan 18 14:37:26 -0600 2015,Getxo,Spain,Euskaltel S.A.,www.google.es,Alasql fast JavaScript in-memory SQL database
Sun Jan 18 12:47:42 -0600 2015,Olathe,United States,AT&T U-verse,www.slideshare.net,SQL and NoSQL Better Together in Alasql
Sun Jan 18 11:31:00 -0600 2015,Chandigarh,India,Airtel Broadband,www.google.co.in,Alasql JavaScript SQL Database Library: User Manual
Sun Jan 18 09:35:21 -0600 2015,Olathe,United States,AT&T U-verse,direct,Alasql JavaScript SQL Database Library: User Manual
Sun Jan 18 09:20:19 -0600 2015,Delhi,India,Mahanagar Telephone Nigam Ltd.,www.linkedin.com,Alasql JavaScript SQL Database Library: User Manual
Sun Jan 18 08:51:12 -0600 2015,Chennai,India,BSNL,direct,SQL and NoSQL Better Together in Alasql
Sun Jan 18 05:02:03 -0600 2015,Liberec,Czech Republic,"Telefonica Czech Republic, a.s.",direct,Alasql JavaScript SQL Database Library: User Manual
Sun Jan 18 01:23:22 -0600 2015,San Francisco,United States,Twitter,direct,Alasql JavaScript SQL Database Library: User Manual
Sun Jan 18 01:15:34 -0600 2015,Medan,Indonesia,PT Telkom Indonesia,www.slideshare.net,Alfina at glance 140507
Sat Jan 17 19:56:31 -0600 2015,Moscow,Russian Federation,Beeline,N/A,Alasql JavaScript SQL Database Library: User Manual
Sat Jan 17 16:07:42 -0600 2015,Garland,United States,Verizon Wireless,www.slideshare.net,Alfina at glance 140507
Sat Jan 17 15:22:05 -0600 2015,Garland,United States,Verizon Wireless,www.npmjs.com,Alasql fast JavaScript in-memory SQL database
Sat Jan 17 02:46:15 -0600 2015,Moscow,Russian Federation,Beeline,twitter.com,Alasql JavaScript SQL Database Library: User Manual
Sat Jan 17 02:30:09 -0600 2015,Chiplun,India,BSNL,www.google.co.in,Alasql JavaScript SQL Database Library: User Manual
Sat Jan 17 00:10:25 -0600 2015,West Chester,United States,Time Warner Cable,www.google.com,Alasql fast JavaScript in-memory SQL database
Fri Jan 16 23:10:21 -0600 2015,Chiplun,India,BSNL,direct,Alasql JavaScript SQL Database Library: User Manual
Fri Jan 16 14:48:50 -0600 2015,Mckinney,United States,CenturyLink,www.google.com,Alasql fast JavaScript in-memory SQL database
Fri Jan 16 12:40:39 -0600 2015,Cochin,India,TATA Communications,www.google.co.in,SQL and NoSQL Better Together in Alasql
Fri Jan 16 12:24:46 -0600 2015,Cochin,India,TATA Communications,www.google.co.in,SQL and NoSQL Better Together in Alasql
Fri Jan 16 12:20:42 -0600 2015,Cochin,India,TATA Communications,www.google.co.in,SQL and NoSQL Better Together in Alasql
Fri Jan 16 06:54:25 -0600 2015,Ross,United Kingdom,Virgin Media,direct,SQL and NoSQL Better Together in Alasql
Fri Jan 16 06:49:13 -0600 2015,Ross,United Kingdom,Virgin Media,direct,Alasql fast JavaScript in-memory SQL database
Fri Jan 16 05:21:56 -0600 2015,Moscow,Russian Federation,National Research University Higher School of Econ,plus.url.google.com,Alasql fast JavaScript in-memory SQL database
Fri Jan 16 04:54:26 -0600 2015,Santa Clara,United States,"Gig Avenue, LLC",direct,Alasql JavaScript SQL Database Library: User Manual
Fri Jan 16 04:35:28 -0600 2015,Pune,India,Capgemini India Pvt Ltd,www.google.co.in,Alasql JavaScript SQL Database Library: User Manual
Fri Jan 16 04:19:56 -0600 2015,Copenhagen,Denmark,N/A,direct,Alasql JavaScript SQL Database Library: User Manual
Fri Jan 16 04:14:56 -0600 2015,Santa Clara,United States,"Gig Avenue, LLC",direct,Alasql JavaScript SQL Database Library: User Manual
Fri Jan 16 02:55:07 -0600 2015,N/A,United States,Johnson Controls,www.google.co.in,Alasql fast JavaScript in-memory SQL database
Fri Jan 16 02:37:42 -0600 2015,N/A,United States,Netseer,direct,Alasql JavaScript SQL Database Library: User Manual
Fri Jan 16 02:21:17 -0600 2015,N/A,United States,Johnson Controls,www.google.com,Alasql JavaScript SQL Database Library: User Manual
Fri Jan 16 01:47:42 -0600 2015,N/A,United States,Johnson Controls,www.google.co.in,Alasql JavaScript SQL Database Library: User Manual
Thu Jan 15 21:55:25 -0600 2015,Ho Chi Minh City,Vietnam,Vietnam Posts and Telecommunications (VNPT),www.google.com.vn,Alasql JavaScript SQL Database Library: User Manual
Thu Jan 15 21:49:49 -0600 2015,Ho Chi Minh City,Vietnam,Vietnam Posts and Telecommunications (VNPT),www.google.com.vn,Alasql fast JavaScript in-memory SQL database
Thu Jan 15 21:31:21 -0600 2015,Chapel Hill,United States,tw telecom holdings,direct,Alasql JavaScript SQL Database Library: User Manual
Thu Jan 15 17:08:42 -0600 2015,Cochin,India,TATA Communications,www.google.co.in,SQL and NoSQL Better Together in Alasql
Thu Jan 15 17:08:06 -0600 2015,Cochin,India,TATA Communications,direct,Alasql fast JavaScript in-memory SQL database
Thu Jan 15 16:23:00 -0600 2015,Paris,France,SFR,direct,Alasql JavaScript SQL Database Library: User Manual
Thu Jan 15 14:20:34 -0600 2015,League City,United States,NASA Glenn Research Center,direct,Alasql JavaScript SQL Database Library: User Manual
Thu Jan 15 11:37:01 -0600 2015,Mountain View,United States,Google,direct,Alasql fast JavaScript in-memory SQL database
Thu Jan 15 11:37:00 -0600 2015,Decatur,United States,U.S. Center For Disease Control and Prevention,direct,Alasql fast JavaScript in-memory SQL database
Thu Jan 15 10:30:01 -0600 2015,Berlin,Germany,COLT Technology Services Group Limited,www.slideshare.net,Alasql fast JavaScript in-memory SQL database
Thu Jan 15 10:29:59 -0600 2015,Berlin,Germany,COLT Technology Services Group Limited,direct,Alasql fast JavaScript in-memory SQL database
Thu Jan 15 08:37:32 -0600 2015,N/A,France,Orange,www.slideshare.net,Alasql JavaScript SQL Database Library: User Manual
Thu Jan 15 08:37:30 -0600 2015,N/A,France,Orange,direct,Alasql JavaScript SQL Database Library: User Manual
Thu Jan 15 07:15:22 -0600 2015,N/A,Japan,Trend Micro Incorporated,direct,Alasql JavaScript SQL Database Library: User Manual
Thu Jan 15 07:13:26 -0600 2015,Mumbai,India,Mahanagar Telephone Nigam Ltd.,www.google.co.in,Alasql JavaScript SQL Database Library: User Manual
Thu Jan 15 03:46:11 -0600 2015,Vélizy,France,SFR,www.slideshare.net,Alasql JavaScript SQL Database Library: User Manual
Thu Jan 15 02:46:54 -0600 2015,Macau,Macau,Companhia de Telecomunicacoes de Macau SARL,www.google.com,Alasql JavaScript SQL Database Library: User Manual
Thu Jan 15 02:08:31 -0600 2015,Paris,France,Bouygues Telecom Division Mobile,www.slideshare.net,Alasql JavaScript SQL Database Library: User Manual
Thu Jan 15 02:08:28 -0600 2015,Paris,France,Bouygues Telecom Division Mobile,direct,Alasql JavaScript SQL Database Library: User Manual
Thu Jan 15 02:08:16 -0600 2015,Paris,France,Bouygues Telecom Division Mobile,direct,Alasql JavaScript SQL Database Library: User Manual
Thu Jan 15 02:00:28 -0600 2015,Minsk,Belarus,VELCOM 3G subscibers,www.google.by,Alasql JavaScript SQL Database Library: User Manual
Thu Jan 15 00:13:25 -0600 2015,Dhaka,Bangladesh,Antaranga Properties Ltd,www.google.com.bd,Alasql JavaScript SQL Database Library: User Manual
Wed Jan 14 23:39:50 -0600 2015,Dhaka,Bangladesh,Antaranga Properties Ltd,direct,Alasql JavaScript SQL Database Library: User Manual
Wed Jan 14 10:48:06 -0600 2015,Sorel,Canada,Bell Canada,www.slideshare.net,Alasql JavaScript SQL Database Library: User Manual
Wed Jan 14 10:48:04 -0600 2015,Sorel,Canada,Bell Canada,stackoverflow.com,Alasql JavaScript SQL Database Library: User Manual
Wed Jan 14 10:39:40 -0600 2015,Vélizy,France,SFR,www.slideshare.net,Alasql JavaScript SQL Database Library: User Manual
Wed Jan 14 10:39:38 -0600 2015,Vélizy,France,SFR,direct,Alasql JavaScript SQL Database Library: User Manual
Wed Jan 14 08:14:11 -0600 2015,N/A,Belarus,VELCOM 3G subscibers,direct,Alasql JavaScript SQL Database Library: User Manual
Wed Jan 14 08:00:47 -0600 2015,Trento,Italy,Istituto Trentino di Cultura,direct,Alasql JavaScript SQL Database Library: User Manual
Wed Jan 14 05:34:47 -0600 2015,Tokyo,Japan,ARTERIA Networks Corporation,direct,Alasql JavaScript SQL Database Library: User Manual
Wed Jan 14 02:46:47 -0600 2015,Wroclaw,Poland,Neostrada,direct,Alasql JavaScript SQL Database Library: User Manual
Wed Jan 14 01:33:14 -0600 2015,Madrid,Spain,GS Virtual Network Produban,www.slideshare.net,Alasql JavaScript SQL Database Library: User Manual
Wed Jan 14 01:33:14 -0600 2015,Madrid,Spain,GS Virtual Network Produban,www.slideshare.net,Alasql JavaScript SQL Database Library: User Manual
Wed Jan 14 01:33:14 -0600 2015,Madrid,Spain,GS Virtual Network Produban,www.slideshare.net,Alasql JavaScript SQL Database Library: User Manual
Wed Jan 14 01:33:14 -0600 2015,Madrid,Spain,GS Virtual Network Produban,www.slideshare.net,Alasql JavaScript SQL Database Library: User Manual
Wed Jan 14 01:33:13 -0600 2015,Madrid,Spain,GS Virtual Network Produban,direct,Alasql JavaScript SQL Database Library: User Manual
Tue Jan 13 16:27:46 -0600 2015,N/A,United Kingdom,Orange Home UK,direct,Alasql JavaScript SQL Database Library: User Manual
Tue Jan 13 13:58:19 -0600 2015,N/A,Brazil,Embratel,www.slideshare.net,Alasql.js - SQL сервер на JavaScript
Tue Jan 13 13:01:27 -0600 2015,N/A,Brazil,Embratel,www.slideshare.net,Alasql JavaScript SQL Database Library: User Manual
Tue Jan 13 13:01:17 -0600 2015,N/A,Brazil,Embratel,direct,Alasql JavaScript SQL Database Library: User Manual
Tue Jan 13 13:01:14 -0600 2015,N/A,Brazil,Embratel,direct,Alasql JavaScript SQL Database Library: User Manual
Tue Jan 13 12:29:04 -0600 2015,Torreón,Mexico,"Mega Cable, S.A. de C.V.",direct,Alasql JavaScript SQL Database Library: User Manual
Tue Jan 13 11:23:09 -0600 2015,Plano,United States,Verizon Business,www.google.com,Alasql JavaScript SQL Database Library: User Manual
Tue Jan 13 06:07:47 -0600 2015,Stockholm,Sweden,IP-Only Networks AB,www.google.se,Alasql JavaScript SQL Database Library: User Manual
Tue Jan 13 03:53:50 -0600 2015,Mountain View,United States,Google,direct,Alasql fast JavaScript in-memory SQL database
Tue Jan 13 03:53:47 -0600 2015,Szekszárd,Hungary,Tarr Kft.,www.slideshare.net,Alasql fast JavaScript in-memory SQL database
Tue Jan 13 03:53:14 -0600 2015,Szekszárd,Hungary,Tarr Kft.,direct,Alasql JavaScript SQL Database Library: User Manual
Tue Jan 13 03:22:30 -0600 2015,Sunnyvale,United States,Yahoo,direct,Alasql.js - SQL сервер на JavaScript
Tue Jan 13 02:39:10 -0600 2015,Mannheim,Germany,Deutsche Telekom AG,www.slideshare.net,Alasql JavaScript SQL Database Library: User Manual
Tue Jan 13 02:39:08 -0600 2015,Mannheim,Germany,Deutsche Telekom AG,direct,Alasql JavaScript SQL Database Library: User Manual
Tue Jan 13 02:37:19 -0600 2015,Paris,France,Internet Assigned Numbers Authority,direct,Alasql JavaScript SQL Database Library: User Manual
Tue Jan 13 01:41:07 -0600 2015,Moscow,Russian Federation,National Research University Higher School of Econ,twitter.com,Alasql JavaScript SQL Database Library: User Manual
Mon Jan 12 23:43:51 -0600 2015,Novosibirsk,Russian Federation,Siberian Networks Novosibirsk,www.linkedin.com,Alasql JavaScript SQL Database Library: User Manual
Mon Jan 12 16:52:15 -0600 2015,Den Helder,Netherlands,Planet Technologies,direct,Alasql JavaScript SQL Database Library: User Manual
Mon Jan 12 11:41:22 -0600 2015,Nanterre,France,Cable and Wireless Worldwide plc,www.slideshare.net,Alasql JavaScript SQL Database Library: User Manual
Mon Jan 12 11:41:20 -0600 2015,Nanterre,France,Cable and Wireless Worldwide plc,www.google.fr,Alasql JavaScript SQL Database Library: User Manual
Mon Jan 12 09:28:42 -0600 2015,Paris,France,Internet Assigned Numbers Authority,www.slideshare.net,Alasql JavaScript SQL Database Library: User Manual
Mon Jan 12 09:28:11 -0600 2015,Paris,France,Internet Assigned Numbers Authority,stackoverflow.com,Alasql JavaScript SQL Database Library: User Manual
Mon Jan 12 05:16:25 -0600 2015,Islamabad,Pakistan,Pakistan Telecommunication Company Limited,www.google.com,SQL and NoSQL Better Together in Alasql
Mon Jan 12 05:01:16 -0600 2015,Chañe,Spain,Telefonica de Espana,direct,Alasql JavaScript SQL Database Library: User Manual
Mon Jan 12 03:07:52 -0600 2015,N/A,France,Iliad Hosting,direct,Alasql fast JavaScript in-memory SQL database
Mon Jan 12 01:40:04 -0600 2015,Pune,India,Gazon Communications India Limited,www.google.co.in,Alasql JavaScript SQL Database Library: User Manual
Mon Jan 12 01:33:16 -0600 2015,Saint Robert,United States,Facebook,direct,Alasql JavaScript SQL Database Library: User Manual
Mon Jan 12 01:32:53 -0600 2015,Jakarta,Indonesia,PT. Cyberindo Aditama,direct,Alasql JavaScript SQL Database Library: User Manual
Mon Jan 12 01:30:45 -0600 2015,Jakarta,Indonesia,PT. Cyberindo Aditama,www.google.com,Alasql JavaScript SQL Database Library: User Manual
Sun Jan 11 22:35:12 -0600 2015,N/A,Germany,Google,direct,Alasql fast JavaScript in-memory SQL database
Sun Jan 11 22:35:05 -0600 2015,Tangerang,Indonesia,"INDO Internet, PT",www.google.com,Alasql fast JavaScript in-memory SQL database
Sun Jan 11 21:51:13 -0600 2015,Mumbai,India,TTML ADSL Dynamic-Res,direct,Alasql JavaScript SQL Database Library: User Manual
Sun Jan 11 11:11:15 -0600 2015,Madras,India,Reliance Communications,www.slideshare.net,Alasql fast JavaScript in-memory SQL database
Sun Jan 11 00:08:41 -0600 2015,San Francisco,United States,Twitter,direct,Alasql JavaScript SQL Database Library: User Manual
Sat Jan 10 23:30:37 -0600 2015,Lansdale,United States,Comcast Cable,www.slideshare.net,SQL and NoSQL Better Together in Alasql
Sat Jan 10 23:20:02 -0600 2015,Madras,India,Reliance Communications,www.slideshare.net,SQL and NoSQL Better Together in Alasql
Sat Jan 10 23:18:53 -0600 2015,Madras,India,Reliance Communications,www.google.co.in,Alasql JavaScript SQL Database Library: User Manual
Sat Jan 10 23:10:21 -0600 2015,Gostar,"Iran, Islamic Republic of",Dadeh Gostar Asr Novin P.J.S. Co.,direct,Alasql JavaScript SQL Database Library: User Manual
Sat Jan 10 23:01:36 -0600 2015,Lansdale,United States,Comcast Cable,direct,Alasql JavaScript SQL Database Library: User Manual
Sat Jan 10 22:31:08 -0600 2015,Fremont,United States,Hurricane Electric,direct,Alasql JavaScript SQL Database Library: User Manual
Sat Jan 10 20:33:56 -0600 2015,Broomfield,United States,Comcast Cable,direct,Alasql JavaScript SQL Database Library: User Manual
Sat Jan 10 20:21:55 -0600 2015,Broomfield,United States,Comcast Cable,www.google.com,Alasql fast JavaScript in-memory SQL database
Sat Jan 10 17:25:48 -0600 2015,N/A,France,Iliad Hosting,direct,Alasql.js - SQL сервер на JavaScript
Sat Jan 10 12:05:35 -0600 2015,Madras,India,Reliance Communications,direct,Alasql JavaScript SQL Database Library: User Manual
Sat Jan 10 12:05:34 -0600 2015,Madras,India,Reliance Communications,direct,Alasql JavaScript SQL Database Library: User Manual
Sat Jan 10 10:52:47 -0600 2015,Mountain View,United States,Googlebot,direct,SQL and NoSQL Better Together in Alasql
Sat Jan 10 10:52:42 -0600 2015,Canberra,Australia,iiNet Limited,www.slideshare.net,SQL and NoSQL Better Together in Alasql
Sat Jan 10 10:28:10 -0600 2015,Canberra,Australia,iiNet Limited,direct,Alasql JavaScript SQL Database Library: User Manual
Sat Jan 10 06:14:18 -0600 2015,Mountain View,United States,Googlebot,direct,Alasql fast JavaScript in-memory SQL database
Sat Jan 10 06:14:12 -0600 2015,Mumbai,India,Reliance Communication Limited,www.slideshare.net,Alasql fast JavaScript in-memory SQL database
Sat Jan 10 06:11:02 -0600 2015,Chennai,India,TATA Communications,www.google.co.in,SQL and NoSQL Better Together in Alasql
Sat Jan 10 04:16:18 -0600 2015,Pune,India,TTML ADSL Dynamic-Res,direct,Alasql JavaScript SQL Database Library: User Manual
Sat Jan 10 03:09:03 -0600 2015,Sunnyvale,United States,Yahoo,direct,Alasql.js - SQL сервер на JavaScript
Fri Jan 09 15:39:36 -0600 2015,San Diego,United States,Websense,direct,Alasql JavaScript SQL Database Library: User Manual
Fri Jan 09 15:09:26 -0600 2015,Mumbai,India,Reliance Communication Limited,www.google.co.in,Alasql JavaScript SQL Database Library: User Manual
Fri Jan 09 12:15:27 -0600 2015,Mostar,Bosnia and Herzegovina,HT d.o.o. Mostar,www.slideshare.net,SQL and NoSQL Better Together in Alasql
Fri Jan 09 11:14:56 -0600 2015,Mostar,Bosnia and Herzegovina,HT d.o.o. Mostar,direct,Alasql JavaScript SQL Database Library: User Manual
Fri Jan 09 10:25:54 -0600 2015,Herford,Germany,EWE-Tel GmbH,www.slideshare.net,Alasql JavaScript SQL Database Library: User Manual
Fri Jan 09 10:25:52 -0600 2015,Herford,Germany,EWE-Tel GmbH,www.google.de,Alasql JavaScript SQL Database Library: User Manual
Fri Jan 09 07:36:50 -0600 2015,Mar Del Plata,Argentina,Cablevision,www.google.com.ar,Alasql JavaScript SQL Database Library: User Manual
Fri Jan 09 04:43:47 -0600 2015,Hyderabad,India,Beam Telecom,www.google.co.in,Alasql JavaScript SQL Database Library: User Manual
Fri Jan 09 04:10:41 -0600 2015,N/A,Germany,PlusServer AG,direct,Alasql JavaScript SQL Database Library: User Manual
Fri Jan 09 04:08:47 -0600 2015,Lutterworth,United Kingdom,BT,direct,Alasql JavaScript SQL Database Library: User Manual
Fri Jan 09 03:55:03 -0600 2015,Incheon,"Korea, Republic of",Korea Telecom,www.google.co.kr,Alasql JavaScript SQL Database Library: User Manual
Fri Jan 09 01:30:25 -0600 2015,Mannheim,Germany,Deutsche Telekom AG,www.google.de,Alasql fast JavaScript in-memory SQL database
Thu Jan 08 19:11:02 -0600 2015,N/A,Germany,Google,direct,SQL and NoSQL Better Together in Alasql
Thu Jan 08 19:10:54 -0600 2015,Brisbane,Australia,Telstra Internet,www.google.com.au,SQL and NoSQL Better Together in Alasql
Thu Jan 08 18:35:19 -0600 2015,Brisbane,Australia,Telstra Internet,www.google.com.au,Alasql JavaScript SQL Database Library: User Manual
Thu Jan 08 16:53:01 -0600 2015,San José,Costa Rica,Instituto Costarricense de Electricidad y Telecom.,www.google.com,Alasql JavaScript SQL Database Library: User Manual
Thu Jan 08 16:46:00 -0600 2015,Mexico,Mexico,Iusacell,es.slideshare.net,SQL and NoSQL Better Together in Alasql
Thu Jan 08 16:43:26 -0600 2015,Mexico,Mexico,Iusacell,www.google.com.mx,Alasql JavaScript SQL Database Library: User Manual
Thu Jan 08 16:06:04 -0600 2015,Alappuzha,India,BSNL,www.slideshare.net,Alasql JavaScript SQL Database Library: User Manual
Thu Jan 08 16:05:58 -0600 2015,Alappuzha,India,BSNL,direct,Alasql JavaScript SQL Database Library: User Manual
Thu Jan 08 15:38:04 -0600 2015,Saint Petersburg,Russian Federation,Beeline,twitter.com,Alasql JavaScript SQL Database Library: User Manual
Thu Jan 08 13:33:30 -0600 2015,Hanoi,Vietnam,Vietnam Posts and Telecommunications(VNPT),www.google.com,Alasql fast JavaScript in-memory SQL database
Thu Jan 08 08:48:45 -0600 2015,Bangkok,Thailand,True Internet,www.slideshare.net,Alasql JavaScript SQL Database Library: User Manual
Thu Jan 08 08:48:40 -0600 2015,Bangkok,Thailand,True Internet,www.google.co.th,Alasql JavaScript SQL Database Library: User Manual
Thu Jan 08 07:59:39 -0600 2015,N/A,N/A,N/A,direct,Alasql JavaScript SQL Database Library: User Manual
Thu Jan 08 07:05:59 -0600 2015,Mannheim,Germany,Deutsche Telekom AG,www.slideshare.net,Alasql JavaScript SQL Database Library: User Manual
Thu Jan 08 07:05:57 -0600 2015,Mannheim,Germany,Deutsche Telekom AG,www.google.de,Alasql JavaScript SQL Database Library: User Manual
Thu Jan 08 06:10:36 -0600 2015,Kortrijk,Belgium,Telenet N.V. Business Internet,www.google.be,Alasql JavaScript SQL Database Library: User Manual
Thu Jan 08 05:53:10 -0600 2015,Kortrijk,Belgium,Telenet N.V. Business Internet,www.slideshare.net,Alasql JavaScript SQL Database Library: User Manual
Thu Jan 08 05:53:06 -0600 2015,Kortrijk,Belgium,Telenet N.V. Business Internet,direct,Alasql JavaScript SQL Database Library: User Manual
Thu Jan 08 00:44:33 -0600 2015,N/A,France,Iliad Hosting,direct,SQL and NoSQL Better Together in Alasql
Wed Jan 07 22:19:28 -0600 2015,Paris,France,Iliad Hosting,direct,Alasql fast JavaScript in-memory SQL database
Wed Jan 07 22:00:56 -0600 2015,Sunnyvale,United States,Yahoo,direct,Alasql JavaScript SQL Database Library: User Manual
Wed Jan 07 16:27:30 -0600 2015,Ludwigsburg,Germany,Kabel BW,www.google.com,Alasql JavaScript SQL Database Library: User Manual
Wed Jan 07 13:15:08 -0600 2015,San Pedro Sula,Honduras,Diunsa,www.google.hn,Alasql JavaScript SQL Database Library: User Manual
Wed Jan 07 11:47:07 -0600 2015,Frankfurt Am Main,Germany,Deutsche Telekom AG,www.slideshare.net,Alasql fast JavaScript in-memory SQL database
Wed Jan 07 11:46:56 -0600 2015,Frankfurt Am Main,Germany,Deutsche Telekom AG,direct,Alasql fast JavaScript in-memory SQL database
Wed Jan 07 08:36:41 -0600 2015,Grevenbroich,Germany,Vodafone DSL,www.slideshare.net,Alasql JavaScript SQL Database Library: User Manual
Wed Jan 07 08:36:39 -0600 2015,Grevenbroich,Germany,Vodafone DSL,www.google.de,Alasql JavaScript SQL Database Library: User Manual
Wed Jan 07 08:23:16 -0600 2015,Mar Del Plata,Argentina,Cablevision,www.google.com.ar,Alasql JavaScript SQL Database Library: User Manual
Wed Jan 07 08:20:45 -0600 2015,Mar Del Plata,Argentina,Cablevision,direct,Alasql JavaScript SQL Database Library: User Manual
Wed Jan 07 06:52:11 -0600 2015,N/A,Europe,Hewlett-Packard Company,direct,Alasql JavaScript SQL Database Library: User Manual
Wed Jan 07 00:02:49 -0600 2015,Sunnyvale,United States,Yahoo,direct,Alasql JavaScript SQL Database Library: User Manual
Tue Jan 06 15:11:33 -0600 2015,Saint-antoine-de-breuilh,France,Orange,www.slideshare.net,Alasql JavaScript SQL Database Library: User Manual
Tue Jan 06 15:11:32 -0600 2015,Saint-antoine-de-breuilh,France,Orange,direct,Alasql JavaScript SQL Database Library: User Manual
Tue Jan 06 15:10:04 -0600 2015,Saint-antoine-de-breuilh,France,Orange,www.slideshare.net,Alasql fast JavaScript in-memory SQL database
Tue Jan 06 15:10:01 -0600 2015,Saint-antoine-de-breuilh,France,Orange,www.google.fr,Alasql fast JavaScript in-memory SQL database
Tue Jan 06 11:59:03 -0600 2015,Medellín,Colombia,UNE,www.google.com.co,Alasql JavaScript SQL Database Library: User Manual
Tue Jan 06 09:36:27 -0600 2015,N/A,N/A,N/A,www.slideshare.net,Alasql JavaScript SQL Database Library: User Manual
Tue Jan 06 09:36:22 -0600 2015,N/A,N/A,N/A,direct,Alasql JavaScript SQL Database Library: User Manual
Tue Jan 06 07:06:42 -0600 2015,Kolkwitz,Germany,Deutsche Telekom AG,de.slideshare.net,Alasql fast JavaScript in-memory SQL database
Tue Jan 06 03:48:29 -0600 2015,Mountain View,United States,Google,direct,Alasql JavaScript SQL Database Library: User Manual
Tue Jan 06 03:48:29 -0600 2015,Mountain View,United States,Google,direct,Alasql JavaScript SQL Database Library: User Manual
Tue Jan 06 03:48:24 -0600 2015,N/A,Japan,Research Organization of Information and Systems,stackoverflow.com,Alasql JavaScript SQL Database Library: User Manual
Tue Jan 06 03:44:07 -0600 2015,Bologna,Italy,Telecom Italia Mobile,www.google.it,Alasql JavaScript SQL Database Library: User Manual
Tue Jan 06 02:09:58 -0600 2015,Frankfurt Am Main,Germany,Deutsche Telekom AG,www.slideshare.net,Alasql JavaScript SQL Database Library: User Manual
Tue Jan 06 02:09:55 -0600 2015,Frankfurt Am Main,Germany,Deutsche Telekom AG,t.co,Alasql JavaScript SQL Database Library: User Manual
Tue Jan 06 01:54:35 -0600 2015,Mumbai,India,TATA Communications,direct,Alasql JavaScript SQL Database Library: User Manual
Mon Jan 05 23:46:50 -0600 2015,Sunnyvale,United States,Yahoo,direct,Alasql.js - SQL сервер на JavaScript
Mon Jan 05 22:33:17 -0600 2015,Mumbai,India,Reliance Communication Limited,direct,Alasql JavaScript SQL Database Library: User Manual
Mon Jan 05 20:43:53 -0600 2015,N/A,Netherlands,Concepts ICT Holding B.V.,www.google.nl,Alasql JavaScript SQL Database Library: User Manual
Mon Jan 05 20:05:16 -0600 2015,Düsseldorf,Germany,Deutsche Telekom AG,de.slideshare.net,Alasql JavaScript SQL Database Library: User Manual
Mon Jan 05 20:04:22 -0600 2015,Düsseldorf,Germany,Deutsche Telekom AG,www.slideshare.net,Alasql fast JavaScript in-memory SQL database
Mon Jan 05 20:04:17 -0600 2015,Düsseldorf,Germany,Deutsche Telekom AG,direct,Alasql fast JavaScript in-memory SQL database
Mon Jan 05 14:48:15 -0600 2015,Sunnyvale,United States,Yahoo,direct,Alasql fast JavaScript in-memory SQL database
Mon Jan 05 14:40:06 -0600 2015,N/A,Russian Federation,Dataline Ltd,direct,Alasql JavaScript SQL Database Library: User Manual
Mon Jan 05 14:40:04 -0600 2015,Velikiy Novgorod,Russian Federation,CJSC ER-Telecom Holding,www.google.ru,Alasql JavaScript SQL Database Library: User Manual
Mon Jan 05 10:50:19 -0600 2015,Mühlheim,Germany,Deutsche Telekom AG,www.slideshare.net,Alasql JavaScript SQL Database Library: User Manual
Mon Jan 05 10:46:15 -0600 2015,San Diego,United States,tw telecom holdings,www.google.com,Alasql JavaScript SQL Database Library: User Manual
Mon Jan 05 10:33:03 -0600 2015,Mühlheim,Germany,Deutsche Telekom AG,www.slideshare.net,Alasql JavaScript SQL Database Library: User Manual
Mon Jan 05 10:33:00 -0600 2015,Mühlheim,Germany,Deutsche Telekom AG,direct,Alasql JavaScript SQL Database Library: User Manual
Mon Jan 05 05:50:40 -0600 2015,Mountain View,United States,Google,direct,Alasql JavaScript SQL Database Library: User Manual
Mon Jan 05 05:50:32 -0600 2015,Suez,Egypt,TE Data,www.google.com.eg,Alasql JavaScript SQL Database Library: User Manual
Mon Jan 05 00:49:13 -0600 2015,Kensington,United States,Facebook,direct,Alasql JavaScript SQL Database Library: User Manual
Mon Jan 05 00:49:01 -0600 2015,N/A,Indonesia,PT Telkom Indonesia,www.slideshare.net,Alasql JavaScript SQL Database Library: User Manual
Mon Jan 05 00:48:42 -0600 2015,N/A,Indonesia,PT Telkom Indonesia,stackoverflow.com,Alasql JavaScript SQL Database Library: User Manual
Sun Jan 04 16:06:27 -0600 2015,Spring Branch,United States,Guadalupe Valley Telephone Cooperative,www.google.com,Alasql JavaScript SQL Database Library: User Manual
Sun Jan 04 13:55:03 -0600 2015,Sunnyvale,United States,Yahoo,direct,Alasql JavaScript SQL Database Library: User Manual
Sun Jan 04 12:33:51 -0600 2015,Ashburn,United States,Amazon.com,direct,Alasql JavaScript SQL Database Library: User Manual
Sun Jan 04 12:26:41 -0600 2015,Poznan,Poland,INEA Network,direct,Alasql JavaScript SQL Database Library: User Manual
Sun Jan 04 08:59:39 -0600 2015,Seoul,"Korea, Republic of",LG Powercomm,www.slideshare.net,Alasql JavaScript SQL Database Library: User Manual
Sun Jan 04 06:35:04 -0600 2015,Mohammedia,Morocco,MT-MPLS,fr.slideshare.net,Alasql fast JavaScript in-memory SQL database
Sun Jan 04 06:34:10 -0600 2015,Mohammedia,Morocco,MT-MPLS,fr.slideshare.net,SQL and NoSQL Better Together in Alasql
Sun Jan 04 06:26:15 -0600 2015,Mohammedia,Morocco,MT-MPLS,www.slideshare.net,Alasql JavaScript SQL Database Library: User Manual
Sun Jan 04 06:26:13 -0600 2015,Mohammedia,Morocco,MT-MPLS,www.google.fr,Alasql JavaScript SQL Database Library: User Manual
Sat Jan 03 22:59:01 -0600 2015,San Francisco,United States,Twitter,direct,Alasql JavaScript SQL Database Library: User Manual
Sat Jan 03 16:24:47 -0600 2015,Saint Petersburg,Russian Federation,OJSC Rostelecom,direct,Alasql.js - SQL сервер на JavaScript
Sat Jan 03 15:01:29 -0600 2015,Lviv,Ukraine,Telecomunikatsiina Companiya Ltd,direct,Alasql JavaScript SQL Database Library: User Manual
Sat Jan 03 13:55:45 -0600 2015,Qawra,Malta,Melita plc.,direct,Alasql fast JavaScript in-memory SQL database
Sat Jan 03 11:52:45 -0600 2015,N/A,Germany,BSB-SERVICE Dedicated Server Hosting,direct,Alasql JavaScript SQL Database Library: User Manual
Sat Jan 03 11:51:55 -0600 2015,Milan,Italy,WIND Telecomunicazioni S.p.A,direct,Alasql JavaScript SQL Database Library: User Manual
Sat Jan 03 11:47:48 -0600 2015,Milan,Italy,WIND Telecomunicazioni S.p.A,direct,Alasql fast JavaScript in-memory SQL database
Sat Jan 03 11:47:35 -0600 2015,Mountain View,United States,Google,direct,Alasql fast JavaScript in-memory SQL database
Sat Jan 03 11:47:32 -0600 2015,Mountain View,United States,Google,direct,Alasql fast JavaScript in-memory SQL database
Sat Jan 03 11:47:26 -0600 2015,Milan,Italy,WIND Telecomunicazioni S.p.A,www.slideshare.net,Alasql fast JavaScript in-memory SQL database
Sat Jan 03 11:46:28 -0600 2015,N/A,Germany,PlusServer AG,direct,SQL and NoSQL Better Together in Alasql
Sat Jan 03 11:45:36 -0600 2015,Mountain View,United States,Google,direct,SQL and NoSQL Better Together in Alasql
Sat Jan 03 11:45:30 -0600 2015,Milan,Italy,WIND Telecomunicazioni S.p.A,direct,SQL and NoSQL Better Together in Alasql
Sat Jan 03 10:32:19 -0600 2015,Kermanshah,"Iran, Islamic Republic of",Telecommunication Company of Kermanshah,www.google.com,Alasql JavaScript SQL Database Library: User Manual
Sat Jan 03 09:54:49 -0600 2015,Hanoi,Vietnam,Vietnam Posts and Telecommunications(VNPT),www.google.com.vn,Alasql JavaScript SQL Database Library: User Manual
Sat Jan 03 09:54:37 -0600 2015,Mountain View,United States,Google,direct,SQL and NoSQL Better Together in Alasql
Sat Jan 03 09:54:31 -0600 2015,San Pedro Sula,Honduras,Diunsa,www.slideshare.net,SQL and NoSQL Better Together in Alasql
Sat Jan 03 09:31:54 -0600 2015,San Pedro Sula,Honduras,Diunsa,direct,Alasql JavaScript SQL Database Library: User Manual
Sat Jan 03 04:54:36 -0600 2015,N/A,France,Iliad Entreprises Customers,direct,Alasql.js - SQL сервер на JavaScript
Sat Jan 03 03:30:02 -0600 2015,Los Angeles,United States,T-Mobile USA,www.google.com,Alasql JavaScript SQL Database Library: User Manual
Fri Jan 02 21:07:10 -0600 2015,Quanzhou,China,Guangdong Mobile,direct,Alasql fast JavaScript in-memory SQL database
Fri Jan 02 21:07:09 -0600 2015,Quanzhou,China,Guangdong Mobile,direct,Alasql fast JavaScript in-memory SQL database
Fri Jan 02 21:07:09 -0600 2015,Quanzhou,China,Guangdong Mobile,direct,Alasql fast JavaScript in-memory SQL database
Fri Jan 02 18:00:11 -0600 2015,Mountain View,United States,Google,direct,Alasql JavaScript SQL Database Library: User Manual
Fri Jan 02 18:00:07 -0600 2015,San Pedro Sula,Honduras,Diunsa,t.co,Alasql JavaScript SQL Database Library: User Manual
Fri Jan 02 16:45:03 -0600 2015,Jakarta,Indonesia,PT Indosat Tbk.,www.slideshare.net,Alasql JavaScript SQL Database Library: User Manual
Fri Jan 02 16:44:16 -0600 2015,Jakarta,Indonesia,PT Indosat Tbk.,www.slideshare.net,Alasql JavaScript SQL Database Library: User Manual
Fri Jan 02 15:57:09 -0600 2015,Jakarta,Indonesia,PT Indosat Tbk.,direct,Alasql JavaScript SQL Database Library: User Manual
Fri Jan 02 12:27:02 -0600 2015,Cesano Maderno,Italy,WIND Telecomunicazioni S.p.A,direct,Alasql JavaScript SQL Database Library: User Manual
Fri Jan 02 08:44:35 -0600 2015,Delhi,India,MTS,www.google.co.in,Alasql JavaScript SQL Database Library: User Manual
Fri Jan 02 07:12:40 -0600 2015,N/A,N/A,N/A,direct,Alasql fast JavaScript in-memory SQL database
Fri Jan 02 02:26:35 -0600 2015,Johannesburg,South Africa,MTN Business,www.google.co.za,Alasql JavaScript SQL Database Library: User Manual
Fri Jan 02 02:15:35 -0600 2015,Johannesburg,South Africa,MTN Business,www.google.co.za,Alasql JavaScript SQL Database Library: User Manual
Fri Jan 02 01:49:59 -0600 2015,Novosibirsk,Russian Federation,OOO Ipstream.ru,direct,Alasql JavaScript SQL Database Library: User Manual
Fri Jan 02 01:32:14 -0600 2015,Johannesburg,South Africa,MTN Business,www.google.co.za,Alasql JavaScript SQL Database Library: User Manual
Fri Jan 02 01:24:45 -0600 2015,Johannesburg,South Africa,MTN Business,www.google.co.za,Alasql JavaScript SQL Database Library: User Manual
Fri Jan 02 01:24:21 -0600 2015,Johannesburg,South Africa,MTN Business,www.google.co.za,Alasql JavaScript SQL Database Library: User Manual
Fri Jan 02 01:01:55 -0600 2015,Johannesburg,South Africa,MTN Business,www.google.co.za,Alasql JavaScript SQL Database Library: User Manual
Fri Jan 02 00:28:32 -0600 2015,Seoul,"Korea, Republic of",LG Powercomm,www.slideshare.net,Alasql fast JavaScript in-memory SQL database
Fri Jan 02 00:27:55 -0600 2015,Seoul,"Korea, Republic of",LG Powercomm,www.slideshare.net,SQL and NoSQL Better Together in Alasql
Fri Jan 02 00:22:23 -0600 2015,Seoul,"Korea, Republic of",LG Powercomm,www.google.co.kr,Alasql JavaScript SQL Database Library: User Manual
Fri Jan 02 00:10:15 -0600 2015,N/A,N/A,N/A,www.google.co.za,Alasql JavaScript SQL Database Library: User Manual
Thu Jan 01 23:59:59 -0600 2015,Mountain View,United States,Google,direct,Alasql JavaScript SQL Database Library: User Manual
Thu Jan 01 23:59:54 -0600 2015,N/A,United Kingdom,Cable & Wireless Hosting Delivery Networks,www.google.co.uk,Alasql JavaScript SQL Database Library: User Manual
Thu Jan 01 23:19:08 -0600 2015,Recife,Brazil,Global Village Telecom,pt.slideshare.net,SQL and NoSQL Better Together in Alasql
Thu Jan 01 22:47:20 -0600 2015,Recife,Brazil,Global Village Telecom,www.google.com.br,Alasql JavaScript SQL Database Library: User Manual
Thu Jan 01 22:43:31 -0600 2015,Recife,Brazil,Global Village Telecom,direct,Alasql JavaScript SQL Database Library: User Manual
Thu Jan 01 19:05:19 -0600 2015,N/A,Japan,Trend Micro Incorporated,direct,SQL and NoSQL Better Together in Alasql
Thu Jan 01 19:04:40 -0600 2015,N/A,Japan,Trend Micro Incorporated,direct,Alasql JavaScript SQL Database Library: User Manual
Thu Jan 01 15:09:36 -0600 2015,Montcoy,France,Orange,fr.slideshare.net,Alasql JavaScript SQL Database Library: User Manual
Thu Jan 01 14:50:48 -0600 2015,Montcoy,France,Orange,fr.slideshare.net,SQL and NoSQL Better Together in Alasql
Thu Jan 01 14:23:30 -0600 2015,Montcoy,France,Orange,www.slideshare.net,Alasql JavaScript SQL Database Library: User Manual
Thu Jan 01 14:23:27 -0600 2015,Montcoy,France,Orange,t.co,Alasql JavaScript SQL Database Library: User Manual
Thu Jan 01 12:30:21 -0600 2015,Longvic,France,Orange,www.slideshare.net,Alasql fast JavaScript in-memory SQL database
Thu Jan 01 12:30:15 -0600 2015,Longvic,France,Orange,direct,Alasql fast JavaScript in-memory SQL database
Thu Jan 01 07:54:01 -0600 2015,Quanzhou,China,Guangdong Mobile,direct,Alasql JavaScript SQL Database Library: User Manual
Thu Jan 01 07:54:01 -0600 2015,Quanzhou,China,Guangdong Mobile,direct,Alasql JavaScript SQL Database Library: User Manual
Thu Jan 01 07:54:00 -0600 2015,Quanzhou,China,Guangdong Mobile,direct,Alasql JavaScript SQL Database Library: User Manual
Thu Jan 01 07:53:56 -0600 2015,Quanzhou,China,Guangdong Mobile,direct,Alasql JavaScript SQL Database Library: User Manual
Thu Jan 01 07:53:56 -0600 2015,Quanzhou,China,Guangdong Mobile,direct,Alasql JavaScript SQL Database Library: User Manual
Thu Jan 01 05:31:51 -0600 2015,Singapore,Singapore,SingNet Pte Ltd,www.slideshare.net,Alasql fast JavaScript in-memory SQL database
Thu Jan 01 05:30:54 -0600 2015,Singapore,Singapore,SingNet Pte Ltd,direct,Alasql fast JavaScript in-memory SQL database
Wed Dec 31 12:18:59 -0600 2014,Sunnyvale,United States,Yahoo,direct,SQL and NoSQL Better Together in Alasql
Wed Dec 31 07:15:59 -0600 2014,Hørsholm,Denmark,Danish Network for Research and Education,www.slideshare.net,Alasql.js - SQL сервер на JavaScript
Wed Dec 31 07:15:56 -0600 2014,Hørsholm,Denmark,Danish Network for Research and Education,www.slideshare.net,Alasql.js - SQL сервер на JavaScript
Wed Dec 31 07:15:51 -0600 2014,Hørsholm,Denmark,Danish Network for Research and Education,www.slideshare.net,Alasql.js - SQL сервер на JavaScript
Wed Dec 31 07:15:44 -0600 2014,Hørsholm,Denmark,Danish Network for Research and Education,www.slideshare.net,Alasql.js - SQL сервер на JavaScript
Wed Dec 31 07:14:51 -0600 2014,Hørsholm,Denmark,Danish Network for Research and Education,www.slideshare.net,Alasql.js - SQL сервер на JavaScript
Tue Dec 30 23:10:06 -0600 2014,Belmopan,Belize,Belize Telemedia Limited,www.google.com.bz,Alasql.js - SQL сервер на JavaScript
Tue Dec 30 17:48:30 -0600 2014,San Diego,United States,tw telecom holdings,www.google.com,Alasql JavaScript SQL Database Library: User Manual
Tue Dec 30 16:42:47 -0600 2014,Mountain View,United States,Google,N/A,Alasql JavaScript SQL Database Library: User Manual
Tue Dec 30 16:33:06 -0600 2014,Mountain View,United States,Google,N/A,Alasql JavaScript SQL Database Library: User Manual
Tue Dec 30 15:13:22 -0600 2014,Mountain View,United States,Google,N/A,Alasql JavaScript SQL Database Library: User Manual
Tue Dec 30 15:12:38 -0600 2014,Mountain View,United States,Google,www.google.com,SQL and NoSQL Better Together in Alasql
Tue Dec 30 14:33:24 -0600 2014,N/A,"Iran, Islamic Republic of",Iran Cell Service and Communication Company,direct,Alasql JavaScript SQL Database Library: User Manual
Tue Dec 30 10:06:40 -0600 2014,Montreuil,France,Orange,www.slideshare.net,Alasql JavaScript SQL Database Library: User Manual
Tue Dec 30 08:41:55 -0600 2014,Montreuil,France,Orange,www.slideshare.net,Alasql JavaScript SQL Database Library: User Manual
Tue Dec 30 08:41:51 -0600 2014,Montreuil,France,Orange,direct,Alasql JavaScript SQL Database Library: User Manual
Tue Dec 30 07:26:43 -0600 2014,N/A,N/A,N/A,r.search.yahoo.com,Alasql JavaScript SQL Database Library: User Manual
Tue Dec 30 05:34:17 -0600 2014,N/A,Israel,Intel Corporation,www.google.co.il,Alasql JavaScript SQL Database Library: User Manual
Tue Dec 30 04:12:34 -0600 2014,Mountain View,United States,Google,direct,SQL and NoSQL Better Together in Alasql
Tue Dec 30 04:12:23 -0600 2014,Granada,Spain,Orange Espana,www.slideshare.net,SQL and NoSQL Better Together in Alasql
Mon Dec 29 20:20:14 -0600 2014,Sunnyvale,United States,Yahoo,direct,Alasql JavaScript SQL Database Library: User Manual
Mon Dec 29 14:40:13 -0600 2014,Mountain View,United States,Google,direct,Alasql JavaScript SQL Database Library: User Manual
Mon Dec 29 14:40:08 -0600 2014,Lima,Peru,Digital Way S.A,direct,Alasql JavaScript SQL Database Library: User Manual
Mon Dec 29 13:29:21 -0600 2014,N/A,United States,Netseer,direct,Alasql fast JavaScript in-memory SQL database
Mon Dec 29 13:24:45 -0600 2014,Kailua,United States,Hawaiian Telcom,www.google.com,Alasql fast JavaScript in-memory SQL database
Mon Dec 29 09:11:54 -0600 2014,Basel,Switzerland,Cablecom GmbH,direct,Alasql JavaScript SQL Database Library: User Manual
Mon Dec 29 07:02:29 -0600 2014,N/A,Denmark,Tele Danmark,stackoverflow.com,Alasql JavaScript SQL Database Library: User Manual
Mon Dec 29 05:36:19 -0600 2014,Ahmedabad,India,Bharti Airtel,www.google.co.in,Alasql fast JavaScript in-memory SQL database
Mon Dec 29 05:26:44 -0600 2014,Ahmedabad,India,Bharti Airtel,www.google.co.in,Alasql JavaScript SQL Database Library: User Manual
Mon Dec 29 04:34:17 -0600 2014,Brno,Czech Republic,"UPC Ceska Republica, s.r.o.",direct,Alasql JavaScript SQL Database Library: User Manual
Mon Dec 29 03:07:41 -0600 2014,Brno,Czech Republic,"UPC Ceska Republica, s.r.o.",direct,Alasql JavaScript SQL Database Library: User Manual
Mon Dec 29 02:29:51 -0600 2014,Mountain View,United States,Google,direct,Alasql JavaScript SQL Database Library: User Manual
Mon Dec 29 02:29:45 -0600 2014,Hyderabad,India,AT&T Global Network Services,www.google.co.in,Alasql JavaScript SQL Database Library: User Manual
Sun Dec 28 18:25:54 -0600 2014,Bargteheide,Germany,Kabel Deutschland,www.slideshare.net,Alasql fast JavaScript in-memory SQL database
Sun Dec 28 18:25:53 -0600 2014,Bargteheide,Germany,Kabel Deutschland,www.google.de,Alasql fast JavaScript in-memory SQL database
Sun Dec 28 18:25:51 -0600 2014,Bargteheide,Germany,Kabel Deutschland,www.google.de,Alasql fast JavaScript in-memory SQL database
Sun Dec 28 12:51:32 -0600 2014,Moscow,Russian Federation,Beeline,N/A,Alasql JavaScript SQL Database Library: User Manual
Sun Dec 28 09:31:59 -0600 2014,Moscow,Russian Federation,Beeline,N/A,Alasql JavaScript SQL Database Library: User Manual
Sun Dec 28 01:12:59 -0600 2014,Sunnyvale,United States,Yahoo,direct,Alasql JavaScript SQL Database Library: User Manual
